
{
	"spider": "./jar/spider1.jar",

"pwd":"cf67355a3333e6e143439161adc2d82e",

	"wallpaper": "http://刚刚.live/图",
	"lives": [{
		"group": "redirect",
		"channels": [{
			"name": "live",
			"urls": ["proxy://do=live&type=txt&ext=./jar/live.txt"]
		}]
	}],
	"sites": [
    {
		"key": "Kuaikan",
		"name": "👀快看",
		"type": 3,
		"api": "csp_Kuaikan",
		"searchable": 1,
		"quickSearch": 1,
		"filterable": 1
	},      
 

	
		

{"key":"csp_xml___光速资源","name":"🐝光速资源优"   ,"type":1,"api":"https://api.guangsuapi.com/api.php/provide/vod/","playUrl":"","searchable":1,"quickSearch":1,"categories":["国产剧","港台剧","日韩剧","欧美剧","泰剧","综艺","动漫","动作片","喜剧片","爱情片","科幻片","恐怖片","剧情片","战争片","纪录片"]},
{"key":"极速","name":"极速采集优","type":1,"api":"https://www.ddzyz1.com/api.php/provide/vod/","searchable":1,"quickSearch":1,"filterable":0},

{
	"key": "Lezhu_spider",
	"name": "🐷乐猪影视",
	"api": "csp_Lezhu",
	"type": 3,
	"filterable": 1,
	"quickSearch": 1,
	"searchable": 1,
	"ext": ""
}, 
	
{
		"key": "csp_BBB",
		"name": "👨‍👩‍👦‍👦哔哩套餐",
		"type": 3,
		"api": "csp_Bili",
		"searchable": 0,
		"quickSearch": 0,
		"filterable": 1,
		"ext": "./sites/Bili.json"
	}, 
    {"key":"csp_Blixq","name":"🤡戏曲","type":3,"api":"csp_Bili","searchable":0,"quickSearch":1,"filterable":1,"ext": "./sites/%E6%88%8F%E6%9B%B2.json"},
{"key": "学堂","name": "📚学堂（B站）","type": 3,"api": "csp_Bili","searchable": 0,"quickSearch": 0,"filterable": 1,"ext": "./sites/xuexi.json"},
 {    
      "key": "图图",
      "name": "图图",
      "type": 3,
      "api": "csp_AppTT",
      "searchable": 1,
      "quickSearch": 1,
      "filterable": 1.
      
    },	



{"key":"低端(T4)","name":"低端(T4)(测试源)","type":4,"api":"http://vod.kooo.eu.org/t4/vip110002","searchable":1,"quickSearch":1,"filterable":1},
{"key":"80S(T4)","name":"80S(T4)(测试源)","type":4,"api":"https://vod.kooo.eu.org/t4/vip11cx08","searchable":1,"quickSearch":1,"filterable":1},
{"key":"农民(T4)","name":"农民(T4)(测试源)","type":4,"api": "https://vod.kooo.eu.org/t4/vip11fx64","searchable":1,"quickSearch":1,"filterable":1},
{"key":"简影(T4)","name":"简影(T4)(测试源)","type":4,"api":"https://vod.kooo.eu.org/t4/vip11b016","searchable":1,"quickSearch":1,"filterable":1},
{"key":"万能","name":"万能(测试源)","type":1,"api":"http://cms.nokia.press/vod?rule=万能影视","searchable": 1,"quickSearch": 1,"filterable": 0},
{"key":"莫扎兔","name":"莫扎兔(测试源)","type":1,"api":"http://cms.nokia.press/vod?rule=莫扎兔","searchable": 1,"quickSearch": 1,"filterable": 0},
{"key":"dr_鸭奈飞","name":"鸭奈飞(测试源)","type":1,"api":"http://cms.nokia.press/vod?rule=鸭奈飞","searchable": 1,"quickSearch": 1,"filterable": 0},
{"key":"蓝光影院","name":"蓝光(测试源)","type":1,"api":"http://cms.nokia.press/vod?rule=蓝光影院","searchable": 1,"quickSearch": 1,"filterable": 0},  


{"key":"t4public","name":"📡合集(T4)(测试源)","type":4,"api":"https://t4.secan.icu/vod?sites=all&ali_token=4acb3ad2f2254ba1b566279f7cd98ba3&timeout=10",  "searchable": 1,"quickSearch":1,"filterable":0},






{"key":"csp_appysv2_amhys","name":"爱麻花影院〔SP〕","type":3,"api":"csp_AppYsV2","searchable":1,"quickSearch":1,"filterable ":1,"ext":"http://v.jiexi.work/qingdoujiekou.php/v1.vod"},
{"key": "csp_XYQBiu_17kan","name": "17kan(XYQ)","type": 3,"api": "csp_XYQBiu","searchable": 0,"quickSearch": 0,"filterable": 0,"ext": "./sites/17kan.json"}, 
{
		"key": "csp_biubiu_听书网",
		"name": "⭐听书网",
		"type": 3,
		"api": "csp_XBiubiu",
		"searchable": 1,
		"quickSearch": 1,
		"filterable": 0,
		"ext": "./sites/%E5%90%AC%E4%B9%A6%E7%BD%91.json"
	},


  {
			"key": "csp_剧荒",
			"name": "🎭剧荒",
			"type": 3,
			"api": "csp_Juhuang",
			"searchable": 1,
			"quickSearch": 1,
			"filterable": 1
		}, {"key":"csp_Dy555","name":"🌹555(SP)","type":3,"api":"csp_Dy555","searchable":1,"quickSearch":1,"filterable":1},
{
		"key": "KanSJ_spider",
		"name": "🛰️看视界",
		"api": "csp_KanSJ",
		"type": 3,
		"filterable": 1,
		"quickSearch": 1,
		"searchable": 1,
		"ext": ""
	},
 {
		"key": "csp_biubiu_万能影视",
		"name": "🔥万能影视XYQ",
		"type": 3,
		"api": "csp_XYQBiu",
		"searchable": 1,
		"quickSearch": 1,
		"filterable": 0,
		"ext": "./sites/xyqwnys.json"
	},
	 {
		"key": "csp_biubiu_凌云影视",
		"name": "🔥凌云影视XYQ",
		"type": 3,
		"api": "csp_XYQBiu",
		"searchable": 1,
		"quickSearch": 1,
		"filterable": 0,
		"ext": "./sites/%E5%87%8C%E4%BA%91%E5%BD%B1%E8%A7%86.json"
	},
    {
		"key": "csp_biubiu_小强迷",
		"name": "🔥新小强迷",
		"type": 3,
		"api": "csp_XBiubiu",
		"searchable": 1,
		"quickSearch": 1,
		"filterable": 0,
		"ext": "./sites/xinxqm.json"
	},




    {"key":"北雁资源","name":"北燕资源","type":1,"api":"https://zy.beiyan.cc:4433/api.php/provide/vod/","searchable":1,"quickSearch":1,"filterable":1,"playUrl":"","categories": ["电影", "国产剧", "港台剧", "日韩剧", "欧美剧", "综艺", "动漫"]},
   

{"key":"快播云","name":"💓快播云(画质低)","type":0,"api":"http://www.kuaibozy.com/api.php/provide/vod/at/xml/","playUrl":"","categories":["国产剧","港台剧","日韩剧","欧美剧","泰剧","综艺","动漫","动作片","喜剧片","爱情片","科幻片","恐怖片","剧情片","战争片","纪录片"]},

	 
	  
	    {
		"key": "小苹果",
		"name": "🍎小苹果有广告",
		"type": 3,
		"api": "csp_LiteApple",
		"searchable": 1,
		"quickSearch": 1,
		"filterable": 1
	}, 
{
		"key": "Ikan",
		"name": "💘爱看",
		"type": 3,
		"api": "csp_IKan",
		"searchable": 1,
		"quickSearch": 1,
		"filterable": 1
	}, {
		"key": "天堂资源",
		"name": "📌天堂资源(官)",
		"type": 1,
		"api": "http://vipmv.cc/api.php/provide/vod/",
		"searchable": 1,
		"quickSearch": 1
	}, 
	{
		"key": "追剧喵",
		"name": "🐈追剧喵",
		"type": 3,
		"api": "csp_ZJMiao",
		"searchable": 1,
		"quickSearch": 1,
		"filterable": 1
	},  

  {
		"key": "csp_77",
		"name": "💓酷云七七(安卓7以上)",
		"type": 3,
		"api": "csp_Kunyu77",
		"searchable": 1,
		"quickSearch": 1,
		"filterable": 1},


	{"key":"csp_LibVio","name":"👐LibVio","type":3,"api":"csp_Lib","searchable":1,"quickSearch":1,"filterable":0}, {"key":"csp_Anime1","name":"🐞Anime动漫","type":3,"api":"csp_Anime1","searchable":1,"quickSearch":1,"filterable":1},{
		"key": "神马影院",
		"name": "🐎神马影院",
		"type": 3,
		"api": "csp_Smdyy",
		"searchable": 1,
		"quickSearch": 1,
		"filterable": 1
	},
	  {
		"key": "360_spider",
		"name": "📽️360影视（官解析很重要）",
		"api": "csp_SP360",
		"type": 3,
		"filterable": 1,
		"quickSearch": 1,
		"searchable": 1
	},
    {
		"key": "csp_QQ",
		"name": "🐧讯（官）",
		"type": 3,
		"api": "csp_QQ",
		"searchable": 1,
		"quickSearch": 1,
		"filterable": 1
	}, {
		"key": "csp_MGTV",
		"name": "🥭芒（官）",
		"type": 3,
		"api": "csp_MGTV",
		"searchable": 1,
		"quickSearch": 1,
		"filterable": 1
	}, {
		"key": "csp_IQIYI",
		"name": "🥝爱（官）",
		"type": 3,
		"api": "csp_IQIYI",
		"searchable": 1,
		"quickSearch": 1,
		"filterable": 1
	}, {
		"key": "csp_CZSPP",
		"name": "🏭厂长资源",
		"type": 3,
		"api": "csp_Czsapp",
		"searchable": 1,
		"quickSearch": 1,
		"filterable": 0
	},
	

	{
		"key": "3EDY",
		"name": "☘️3EDY(EXO)",
		"type": 3,
		"api": "csp_EEEDY",
		"searchable": 1,
		"quickSearch": 1,
		"filterable": 1
	}, {
			"key": "csp_Yj1211",
			"name": "📽️直播合集",
			"type": 3,
			"api": "csp_Yj1211",
			"searchable": 1,
			"quickSearch": 1,
			"filterable": 1
		},

  {"key": "9E03","name":"9️⃣9E03","type": 3,"api": "csp_AppYsV2","searchable": 1,"quickSearch": 1,"filterable": 1,"ext": "https://vod.9e03.com/lvdou_api.php/v1.vod"},
        

	    

 {
			"key": "csp_Bttoo",
			"name": "🥂两个BT坏",
			"type": 3,
			"api": "csp_Bttoo",
			"searchable": 1,
			"quickSearch": 1,
			"filterable": 1
		},
		  {"key":"pwd_ASMR","name":"🐾ASMR(优)","type":1,"api":"http://www.asmr19.in/api.php/provide/vod/","searchable":0,"quickSearch":1},
   {"key":"pwd_工厂资源","name":"🐾工厂","type":0,"api":"https://jgczyapi.com/home/cjapi/kld2/mc10/vod/xml","searchable":0,"quickSearch":0},
 {"key":"pwd_袜子","name":"🐾袜子","type":0,"api":"https://www.msnii.com/api/xml.php","searchable":0,"quickSearch":0},
   
    {"key":"csp_AppYsV2","name":"🍹优众影视","type":3,"api":"csp_AppYsV2","searchable":1,"quickSearch":1,"filterable":1,"ext":"http://121.205.88.194:7878/xgapp.php/v2/"}, 
{"key":"csp_AppYsV2","name":"🍹不明","type":3,"api":"csp_AppYsV2","searchable":1,"quickSearch":1,"filterable":1,"ext":"http://app.wnvod.net/lvdou_api.php/v1.vod"}, 
{
		"key": "csp_biubiu_乐猪",
		"name": "🔥乐猪xb",
		"type": 3,
		"api": "csp_XBiubiu",
		"searchable": 1,
		"quickSearch": 1,
		"filterable": 0,
		"ext": "./sites/lzys.json"
	},
  {
		"key": "csp_xpath_酷蚂蚁",
		"name": "🐯酷蚂蚁(XYQ)",
		"type": 3,
		"api": "csp_XYQBiu",
		"searchable": 1,
		"quickSearch": 1,
		"filterable": 1,
		"ext": "./sites/%E9%85%B7%E8%9A%82%E8%9A%81.json"
	},  
	    {
		"key": "csp_xpath_EE9",
		"name": "🐯E9(XYQ)",
		"type": 3,
		"api": "csp_XYQBiu",
		"searchable": 1,
		"quickSearch": 1,
		"filterable": 1,
		"ext": "./sites/e9%E8%A7%86%E9%A2%91.json"
	},  {
		"key": "csp_biubiu_骚火电影",
		"name": "🔥骚火电影",
		"type": 3,
		"api": "csp_XBiubiu",
		"searchable": 1,
		"quickSearch": 1,
		"filterable": 0,
		"ext": "./sites/%E9%AA%9A%E7%81%AB%E7%94%B5%E5%BD%B1.json"
	},  {
		"key": "csp_DiDuan",
		"name": "⤵️低端影视",
		"type": 3,
		"api": "csp_Ddrk",
		"searchable": 1,
		"quickSearch": 1,
		"filterable": 0
	}, 
{
		"key": "csp_biubiu_厂长资源-蓝光",
		"name": "🏗️厂长蓝光",
		"type": 3,
		"api": "csp_XBiubiu",
		"searchable": 0,
		"quickSearch": 0,
		"filterable": 0,
		"ext": "./sites/%E5%8E%82%E9%95%BF%E8%B5%84%E6%BA%90-%E8%93%9D%E5%85%89.json"
	}, {
		"key": "pwd_biubiu_大米星球",
		"name": "⭐️大米星球(XYQ)",
		"type": 3,
		"api": "csp_XYQBiu",
		"searchable": 1,
		"quickSearch": 1,
		"filterable": 0,
		"ext": "./sites/%E5%A4%A7%E7%B1%B3%E6%98%9F%E7%90%83.json"
	}, {
		"key": "csp_biubiu_影视工厂",
		"name": "🎬影视工厂(新xb)",
		"type": 3,
		"api": "csp_XBiubiu",
		"searchable": 1,
		"quickSearch": 1,
		"filterable": 0,
		"ext": "./sites/ysgc.json"
	}, {
		"key": "诺讯资源",
		"name": "📌诺讯资源(官)",
		"type": 1,
		"api": "http://caiji.nxflv.com/api.php/provide/vod/",
		"searchable": 1,
		"quickSearch": 1
	}, {
		"key": "M3U8资源",
		"name": "📌M3U8资源(官)",
		"type": 1,
		"api": "http://www.zycaiji.net:7788/api.php/provide/vod/",
		"searchable": 1,
		"quickSearch": 1
	},  {
		"key": "csp_biubiu_真不卡cerrd",
		"name": "🗃️真不卡影院不支持搜索",
		"type": 3,
		"api": "csp_XBiubiu",
		"searchable": 1,
		"quickSearch": 1,
		"filterable": 0,
		"ext": "./sites/zhenbuka.json"
	}, {
		"key": "csp_biubiu_特狗影视",
		"name": "🐶特狗影视",
		"type": 3,
		"api": "csp_XBiubiu",
		"searchable": 1,
		"quickSearch": 1,
		"filterable": 0,
		"ext": "./sites/tgys.json"
	}, {"key":"csp_biubiu_555电影","name":"💫5️55电影","type":3,"api":"csp_XBiubiu","searchable":1,"quickSearch":1,"filterable":0,"ext":"./sites/555.json"}, {
			"key": "csp_biubiu_yekong",
			"name": "🌃夜空高清",
			"type": 3,
			"api": "csp_XBiubiu",
			"searchable": 1,
			"quickSearch": 1,
			"filterable": 0,
			"ext": "./sites/%E5%A4%9C%E7%A9%BA%E8%93%9D%E5%85%89.json"
		},
{
		"key": "csp_biubiu_蓝莓影视",
		"name": "🧁蓝莓影视",
		"type": 3,
		"api": "csp_XBiubiu",
		"searchable": 1,
		"quickSearch": 1,
		"filterable": 0,
		"ext": "./sites/%E8%93%9D%E8%8E%93%E5%BD%B1%E8%A7%86.json"
	}, 
    {
		"key": "小熊",
		"name": "🧸小熊TV",
		"type": 3,
		"api": "csp_Xxys",
		"searchable": 1,
		"quickSearch": 1,
		"filterable": 1
	}, {
		"key": "csp_biubiu_奇优影院ns",
		"name": "👔奇优影院",
		"type": 3,
		"api": "csp_XBiubiu",
		"searchable": 1,
		"quickSearch": 1,
		"filterable": 0,
		"ext": "./sites/qiyou.json"
	}, 
     
    
  
 
 {
		"key": "csp_xpath_网络搜集库qiumi",
		"name": "⚽️球迷专场",
		"type": 3,
		"api": "csp_XPathFilter",
		"searchable": 1,
		"quickSearch": 0,
		"filterable": 1,
		"ext": "./sites/qiumi.json"
	}, {
		"key": "csp_biubiu_斗鱼",
		"name": "🐬斗鱼直播",
		"type": 3,
		"api": "csp_XBiubiu",
		"searchable": 1,
		"quickSearch": 1,
		"filterable": 0,
		"ext": "./sites/%E6%96%97%E9%B1%BC.json"
	}, {
		"key": "csp_xpath_huya",
		"name": "🐯虎牙直播(XYQ)",
		"type": 3,
		"api": "csp_XYQBiu",
		"searchable": 1,
		"quickSearch": 1,
		"filterable": 1,
		"ext": "./sites/%E8%99%8E%E7%89%99%E7%9B%B4%E6%92%AD.json"
	}, {
		"key": "csp_xpath_kuqimv",
		"name": "🎤经典MV(XYQ)",
		"type": 3,
		"api": "csp_XYQBiu",
		"searchable": 0,
		"quickSearch": 0,
		"filterable": 0,
		"ext": "./sites/%E9%85%B7%E5%A5%87MV.json"


	}, {
		"key": "csp_xpath_jbb",
		"name": "🏳️剧白白",
		"type": 3,
		"api": "csp_XPathMacFilter",
		"searchable": 1,
		"quickSearch": 1,
		"filterable": 1,
		"ext": "./sites/jubaibai.json"
	}, 
{
		"key": "csp_xpath_naifeiorg",
		"name": "🀄️奈飞中文",
		"type": 3,
		"api": "csp_XPathMacFilter",
		"searchable": 1,
		"quickSearch": 1,
		"filterable": 1,
		"ext": "./sites/naifeiorg.json"
	},
	{
      "key": "爱酷",
      "name": "🍀爱酷〔V2〕",
      "type": 3,
      "api": "csp_AppYsV2",
      "searchable": 1,
      "quickSearch": 1,
      "filterable": 1,
      "ext": "https://www.zhanlangbu.com/ruifenglb_api.php/v1.vod"
    },{"key":"1080资源库","name":"🎨1080资源库(切)🎨","type":1,"api":"https://api.1080zyku.com/inc/api_mac10.php","searchable":0,"quickSearch":0},
    
    {"key":"考拉直链","name":"🐨考拉TV","type":1,"api":"https://ikaola.tv/api.php/provide/vod/","searchable":1,"quickSearch":1},
	{"key":"csp_AppYsV2_美剧范","name":"🦙美剧范","type":3,"api":"csp_AppYsV2","searchable":1,"quickSearch":1,"filterable":1,"ext":"http://ttzmz.net/api.php/v1.vod"},
{"key":"csp_appys_美剧星球","name":"🌎美剧星球","type":3,"api":"csp_Mjxq","searchable":1,"quickSearch":1,"filterable":1}, 
{"key":"csp_appys_美剧虫","name":"🐞美剧虫(V1)","type":3,"api":"csp_XPathMacFilter","searchable":1,"quickSearch":1,"filterable":0,"ext":"./sites/%E7%BE%8E%E5%89%A7%E8%99%AB%28XPF%29.json"},



	 {
		"key": "csp_xpath_meiju56",
		"name": "🌎美剧网",
		"type": 3,
		"api": "csp_XPathFilter",
		"searchable": 1,
		"quickSearch": 1,
		"filterable": 1,
		"ext": "./sites/meiju562.json"
	}, 
	 {
		"key": "csp_XPath_bidiys",
		"name": "🎒哔嘀影视",
		"type": 3,
		"api": "csp_XPath",
		"searchable": 1,
		"quickSearch": 1,
		"filterable": 0,
		"ext": "./sites/bidiys2.json"
	}, 
	 
{"key":"csp_appys_MX影视","name":"Ⓜ️MX影视","type":3,"api":"csp_AppYs","searchable":1,"quickSearch":1,"filterable":1,"ext":"http://mkk.gotka.top/api.php/v1.vod"},
	 {
		"key": "多多资源",
		"name": "🍱多多资源(切)",
		"type": 1,
		"api": "https://www.ddzyz1.com/api.php/provide/vod/",
		"searchable": 1,
		"quickSearch": 1
	}, {"key":"7度","name":"🍱七度鱼(切)","type":1,"api":"https://a.7dyu.cn/api.php/provide/vod/","searchable":1,"quickSearch":1}, 

 {"key": "小城","name": "小城影视","type": 3,"api": "csp_AppYsV2","searchable": 1,"quickSearch": 1,"filterable": 1,"ext": "http://bc.yybox.xyz/api.php/v1.vod"},

{
		"key": "金鹰资源",
		"name": "🦅金鹰资源(切)",
		"type": 1,
		"api": "http://jinyingzy.com/provide/vod",
		"searchable": 1,
		"quickSearch": 1
	}, {
		"key": "csp_xpath_pianku",
		"name": "📀片库",
		"type": 3,
		"api": "csp_XPath",
		"searchable": 1,
		"quickSearch": 1,
		"filterable": 0,
		"ext": "./sites/pianku.json"
	}, 
	{
		"key": "csp_xpath_bttwoo",
		"name": "🥂两个BT",
		"type": 3,
		"api": "csp_XPath",
		"searchable": 0,
		"quickSearch": 0,
		"filterable": 0,
		"ext": "./sites/bttwoo.json"
	}, 
	{"key":"飞速资源","name":"飞速资源(切)","type":1,"api":"https://www.feisuzy.com/api.php/provide/vod/","searchable":1,"quickSearch":1},


 
{"key":"csp_Alist","name":"Alist_合集网盘","type": 3,"api":"csp_Alist","searchable": 0,"quickSearch": 0,"filterable": 0,"ext": "米奇妙妙屋$https://anime.mqmmw.ga#小光盘$https://alist.xiaoguanxiaocheng.life#帅盘$https://hi.shuaipeng.wang#资源小站$https://pan.142856.xyz#晴园的宝藏库$https://alist.52qy.repl.co#嗨翻$https://pan.hikerfans.com#一只鱼$https://alist.youte.ml#听闻网盘$https://wangpan.sangxuesheng.com#菊花盘$https://pan.142856.xyz#神族九帝$https://alist.shenzjd.com#姬路白雪の资源小站$https://pan.jlbx.xyz#七米蓝$https://al.chirmyram.com#9T$https://drive.9t.ee","jar":"./jar/Alist.java"}, 





	{
		"key": "pwd_biubiu_cupfox",
		"name": "🦊茶杯狐",
		"type": 3,
		"api": "csp_XBiubiu",
		"searchable": 1,
		"quickSearch": 1,
		"filterable": 0,
		"ext": "./sites/%E8%8C%B6%E6%9D%AF%E7%8B%90xb.json"
	},
	{
		"key": "csp_biubiu_voflix",
		"name": "🌀voflix",
		"type": 3,
		"api": "csp_XBiubiu",
		"searchable": 1,
		"quickSearch": 1,
		"filterable": 0,
		"ext": "{\r\n  \"name\": \"voflix\",\r\n  \"url\": \"https://www.voflix.com/\",\r\n  \"User\": \"空\",\r\n  \"shouye\": \"1\",\r\n  \"fenlei\": \"电影$/show/1-----------#国产剧$/show/13-----------#剧集$/show/2-----------#综艺$/show/3-----------#动画$/show/4-----------#欧美剧$/show/16-----------#日韩剧$/show/15-----------\",\r\n  \"houzhui\": \".html\",\r\n  \"shifouercijiequ\": \"1\",\r\n  \"jiequqian\": \"module-page\",\r\n  \"jiequhou\": \"class=\\\"fixedGroup\",\r\n  \"jiequshuzuqian\": \"<a\",\r\n  \"jiequshuzuhou\": \"no-referrer\",\r\n  \"tupianqian\": \"original=\\\"\",\r\n  \"tupianhou\": \"\\\"\",\r\n  \"biaotiqian\": \"title=\\\"\",\r\n  \"biaotihou\": \"\\\"\",\r\n  \"lianjieqian\": \"href=\\\"\",\r\n  \"lianjiehou\": \"\\\"\",\r\n  \"sousuoqian\": \"/index.php/ajax/suggest?mid=1&wd=\",\r\n  \"sousuohou\": \"&limit=500\",\r\n  \"sousuohouzhui\": \"/detail/\",\r\n  \"ssmoshi\": \"0\",\r\n  \"sousuoshifouercijiequ\": \"0\",\r\n  \"jspic\": \"pic\",\r\n  \"jsname\": \"name\",\r\n  \"jsid\": \"id\",\r\n  \"ssjiequqian\": \"空\",\r\n  \"ssjiequhou\": \"空\",\r\n  \"ssjiequshuzuqian\": \"空\",\r\n  \"ssjiequshuzuhou\": \"空\",\r\n  \"sstupianqian\": \"空\",\r\n  \"sstupianhou\": \"空\",\r\n  \"ssbiaotiqian\": \"空\",\r\n  \"ssbiaotihou\": \"空\",\r\n  \"sslianjieqian\": \"空\",\r\n  \"sslianjiehou\": \"空\",\r\n  \"bfshifouercijiequ\": \"0\",\r\n  \"bfjiequqian\": \"空\",\r\n  \"bfjiequhou\": \"空\",\r\n  \"zhuangtaiqian\": \"更新：\",\r\n  \"zhuangtaihou\": \"</div>\",\r\n  \"daoyanqian\": \"导演：\",\r\n  \"daoyanhou\": \"</div>\",\r\n  \"zhuyanqian\": \"主演：\",\r\n  \"zhuyanhou\": \"</div>\",\r\n  \"juqingqian\": \"简介：\",\r\n  \"juqinghou\": \"/div>\",\r\n  \"bfjiequshuzuqian\": \"class=\\\"module-list\",\r\n  \"bfjiequshuzuhou\": \"</div>\",\r\n  \"bfyshifouercijiequ\": \"0\",\r\n  \"bfyjiequqian\": \"空\",\r\n  \"bfyjiequhou\": \"空\",\r\n  \"bfyjiequshuzuqian\": \"<a\",\r\n  \"bfyjiequshuzuhou\": \"/a>\",\r\n  \"bfbiaotiqian\": \"<span>\",\r\n  \"bfbiaotihou\": \"</span>\",\r\n  \"bflianjieqian\": \"href=\\\"\",\r\n  \"bflianjiehou\": \"\\\"\"\r\n}\r\n"
	}, 
	{
		"key": "影图",
		"name": "📼影图",
		"type": 1,
		"api": "https://cj.vodimg.top/api.php/provide/vod/",
		"searchable": 1,
		"quickSearch": 1
	},  
  
  {"key":"csp_293","name":"🦜293（每天坏）","api":"csp_SP293","type":3,"filterable":1,"quickSearch":1,"searchable":1,"ext":""},
  {
		"key": "csp_biubiu_风车动漫",
		"name": "🪁风车动漫",
		"type": 3,
		"api": "csp_XBiubiu",
		"searchable": 1,
		"quickSearch": 1,
		"filterable": 0,
		"ext": "./sites/%E9%A3%8E%E8%BD%A6%E5%8A%A8%E6%BC%AB.json"
	}, {
		"key": "csp_biubiu_OmoFun动漫",
		"name": "🧚OmoFun动漫",
		"type": 3,
		"api": "csp_XBiubiu",
		"searchable": 1,
		"quickSearch": 1,
		"filterable": 0,
		"ext": "./sites/OmoFun%E5%8A%A8%E6%BC%AB.json"
	}, {
		"key": "csp_biubiu_森屋新番",
		"name": "🎍森屋新番",
		"type": 3,
		"api": "csp_XBiubiu",
		"searchable": 1,
		"quickSearch": 1,
		"filterable": 0,
		"ext": "./sites/%E6%A3%AE%E5%B1%8B%E6%96%B0%E7%95%AA.json"
	},  {
		"key": "csp_biubiu_萌番",
		"name": "🔥萌番XYQ",
		"type": 3,
		"api": "csp_XYQBiu",
		"searchable": 1,
		"quickSearch": 1,
		"filterable": 0,
		"ext": "./sites/%E8%90%8C%E7%95%AA%E7%BB%84.json"
	},
    {
		"key": "橘猫影视1",
		"name": "🐈橘猫影视(XYQ)",
		"type": 3,
		"api": "csp_XYQBiu",
		"searchable": 1,
		"quickSearch": 1,
        "filterable": 0,
		"ext": "./sites/%E6%A9%98%E7%8C%AB%E8%B5%84%E6%BA%90.json"
	},
	{
		"key": "csp_xpath___动漫巴士",
		"name": "🤖动漫巴士",
		"type": 3,
		"api": "csp_XPath",
		"searchable": 1,
		"quickSearch": 1,
		"filterable": 0,
		"ext": "./sites/dm84.json"
	}, {
		"key": "csp_xpath_独播库",
		"name": "🦄独播库(XPF)",
		"type": 3,
		"api": "csp_XPathMacFilter",
		"searchable": 1,
		"quickSearch": 1,
		"filterable": 1,
		"ext": "./sites/duboku.json"
	}, {
		"key": "csp_appysv2_M2_暖光影视",
		"name": "🕯️暖光影视",
		"type": 3,
		"api": "csp_AppYsV2",
		"searchable": 1,
		"quickSearch": 1,
		"filterable": 1,
		"ext": "https://app.bl210.com/api.php/v1.vod"
	}, 

 {"key": "csp_Yisou","name":"💗🐯🈶易搜盘","type":3,"api":"csp_Yiso","searchable":1,"quickSearch":1,"filterable":0,"ext":"28801b1dbaf4418fb7bc221a575703dd"},
    {
		"key": "Gitcafe",
		"name": "🗞️小纸条",
		"type": 3,
		"api": "csp_Gitcafe",
		"searchable": 1,
		"quickSearch": 1,
		"filterable": 1,
		"ext": "3781469b13074e4cac1e0e7113e4fa20"
	}, 
{"key":"FindZY","name":"💻找资源","type":3,"api":"csp_Zhaozy","searchable":1,"quickSearch":1,"filterable":1,"ext": "3781469b13074e4cac1e0e7113e4fa20"},
{
		"key": "AliPS",
		"name": "🔍阿狸盘搜(仅搜索)",
		"type": 3,
		"api": "csp_AliPS",
		"searchable": 1,
		"quickSearch": 1,
		"filterable": 1,
		"ext": "3781469b13074e4cac1e0e7113e4fa20"
	},  
        {
		"key": "csp_Wmkk",
		"name": "👁️完美看看坏",
		"api": "csp_Wmkk",
		"type": 3,
		"filterable": 1,
		"quickSearch": 1,
		"searchable": 1
	}, 
 {"key":"mtv_pc_利奥影视","name":"🔥利奥影视坏","type":3,"api":"csp_Lib","searchable":1,"quickSearch":1,"filterable":0},	
{
		"key": "在线之家",
		"name": "🏠在线之家坏",
		"type": 3,
		"api": "csp_Zxzj",
		"searchable": 1,
		"quickSearch": 1,
		"filterable": 1
	}, 
{
		"key": "csp_Auete",
		"name": "🐼Auete坏",
		"type": 3,
		"api": "csp_Auete",
		"searchable": 1,
		"quickSearch": 1,
		"filterable": 1
	}, {
		"key": "csp_Cokemv",
		"name": "⛲Cokemv坏",
		"type": 3,
		"api": "csp_Cokemv",
		"searchable": 1,
		"quickSearch": 1,
		"filterable": 1
	}, 
    {
		"key": "push_agent",
		"name": "🎯推送（爱优腾/阿里云盘/磁力链接）",
		"type": 3,
		"api": "csp_PushAgent",
		"searchable": 0,
		"quickSearch": 0,
		"filterable": 0,
		"ext": "3781469b13074e4cac1e0e7113e4fa20"
	}],
	"parses": [{
		"name": "解析聚合",
		"type": 3,
		"url": "Demo"
	}, {
		"name": "Json并发",
		"type": 2,
		"url": "Parallel"
	}, {
		"name": "Json轮询",
		"type": 2,
		"url": "Sequence"
	}, 
  
 
      {
		"name": "keyu",
		"type": 1,
		"url": "http://newjiexi.gotka.top/keyu3.php?url=",
		"ext": {
			"flag": ["qq", "腾讯", "qiyi", "爱奇艺", "奇艺", "youku", "优酷", "mgtv", "芒果", "letv", "乐视", "pptv", "PPTV", "sohu", "bilibili", "哔哩哔哩", "哔哩"],
			"header": {
				"User-Agent": "okhttp/4.1.0"
			}
		}
	},
  
    {

		"name": "aiku",

		"type": 1,

		"url": "https://cache.json.icu/home/api?type=ys&uid=292796&key=fnoryABDEFJNPQV269&url="

	}, 

       {"name":"南云","type":1,"url":"https://hc.izny.cn/json.php?url="},

 
{"name":"鸿途","type":1,"url":"https://h5.freejson.xyz/player/?url="},

 
{"name":"鸿途","type":1,"url":"https://freejx.rx88.top:1234/?url="},

{"name":"醉仙","type":0,"url":"https://jx.zui.cm/?url=","ext":{"flag":["qq","腾讯","qiyi","iqiyi","爱奇艺","奇艺","youku","优酷","mgtv","芒果","letv","乐视","pptv","PPTV","sohu","bilibili","哔哩哔哩","哔哩"]}},



    
    
   {
		"name": "OKjx综合",
		"type": 0,
		"url": "https://okjx.cc/?url="
	}],
	"flags": ["youku", "qq", "iqiyi", "imgo", "xueren", "m1905", "qiyi", "letv", "sohu", "tudou", "pptv", "dbm3u8", "mgtv", "wasu", "bilibili", "le", "duoduozy", "renrenmi", "xigua", "优酷", "西瓜", "乐视", "芒果", "腾讯", "爱奇艺", "奇艺", "ltnb", "rx", "CL4K", "xfyun", "wuduzy", "哔哩哔哩", "哔哩"],
	"ijk": [{
		"group": "软解码",
		"options": [{
			"category": 4,
			"name": "opensles",
			"value": "0"
		}, {
			"category": 4,
			"name": "overlay-format",
			"value": "842225234"
		}, {
			"category": 4,
			"name": "framedrop",
			"value": "1"
		}, {
			"category": 4,
			"name": "soundtouch",
			"value": "1"
		}, {
			"category": 4,
			"name": "start-on-prepared",
			"value": "1"
		}, {
			"category": 1,
			"name": "http-detect-range-support",
			"value": "0"
		}, {
			"category": 1,
			"name": "fflags",
			"value": "fastseek"
		}, {
			"category": 2,
			"name": "skip_loop_filter",
			"value": "48"
		}, {
			"category": 4,
			"name": "reconnect",
			"value": "1"
		}, {
			"category": 4,
			"name": "enable-accurate-seek",
			"value": "0"
		}, {
			"category": 4,
			"name": "mediacodec",
			"value": "0"
		}, {
			"category": 4,
			"name": "mediacodec-auto-rotate",
			"value": "0"
		}, {
			"category": 4,
			"name": "mediacodec-handle-resolution-change",
			"value": "0"
		}, {
			"category": 4,
			"name": "mediacodec-hevc",
			"value": "0"
		}, {
			"category": 1,
			"name": "dns_cache_timeout",
			"value": "600000000"
		}]
	}, {
		"group": "硬解码",
		"options": [{
			"category": 4,
			"name": "opensles",
			"value": "0"
		}, {
			"category": 4,
			"name": "overlay-format",
			"value": "842225234"
		}, {
			"category": 4,
			"name": "framedrop",
			"value": "1"
		}, {
			"category": 4,
			"name": "soundtouch",
			"value": "1"
		}, {
			"category": 4,
			"name": "start-on-prepared",
			"value": "1"
		}, {
			"category": 1,
			"name": "http-detect-range-support",
			"value": "0"
		}, {
			"category": 1,
			"name": "fflags",
			"value": "fastseek"
		}, {
			"category": 2,
			"name": "skip_loop_filter",
			"value": "48"
		}, {
			"category": 4,
			"name": "reconnect",
			"value": "1"
		}, {
			"category": 4,
			"name": "enable-accurate-seek",
			"value": "0"
		}, {
			"category": 4,
			"name": "mediacodec",
			"value": "1"
		}, {
			"category": 4,
			"name": "mediacodec-auto-rotate",
			"value": "1"
		}, {
			"category": 4,
			"name": "mediacodec-handle-resolution-change",
			"value": "1"
		}, {
			"category": 4,
			"name": "mediacodec-hevc",
			"value": "1"
		}, {
			"category": 1,
			"name": "dns_cache_timeout",
			"value": "600000000"
		}]
	}],
	"ads": ["mimg.0c1q0l.cn", "www.googletagmanager.com", "www.google-analytics.com", "mc.usihnbcq.cn", "mg.g1mm3d.cn", "mscs.svaeuzh.cn", "cnzz.hhttm.top", "tp.vinuxhome.com", "cnzz.mmstat.com", "www.baihuillq.com", "s23.cnzz.com", "z3.cnzz.com", "c.cnzz.com", "stj.v1vo.top", "z12.cnzz.com", "img.mosflower.cn", "tips.gamevvip.com", "ehwe.yhdtns.com", "xdn.cqqc3.com", "www.jixunkyy.cn", "sp.chemacid.cn", "hm.baidu.com", "s9.cnzz.com", "z6.cnzz.com", "um.cavuc.com", "mav.mavuz.com", "wofwk.aoidf3.com", "z5.cnzz.com", "xc.hubeijieshikj.cn", "tj.tianwenhu.com", "xg.gars57.cn", "k.jinxiuzhilv.com", "cdn.bootcss.com", "ppl.xunzhuo123.com", "xomk.jiangjunmh.top", "img.xunzhuo123.com", "z1.cnzz.com", "s13.cnzz.com", "xg.huataisangao.cn", "z7.cnzz.com", "xg.huataisangao.cn", "z2.cnzz.com", "s96.cnzz.com", "q11.cnzz.com", "thy.dacedsfa.cn", "xg.whsbpw.cn", "s19.cnzz.com", "z8.cnzz.com", "s4.cnzz.com", "f5w.as12df.top", "ae01.alicdn.com", "www.92424.cn", "k.wudejia.com", "vivovip.mmszxc.top", "qiu.xixiqiu.com", "cdnjs.hnfenxun.com", "cms.qdwght.com"]
}